{"count":1,"self":112.60084479999999,"total":114.72494599999999,"children":{"AgentResetIfDone":{"count":4836,"self":0.138146,"total":0.138146,"children":null},"AgentSendState":{"count":4836,"self":0.131828,"total":0.16208,"children":{"CollectObservations":{"count":1452,"self":0.030251999999999998,"total":0.030251999999999998,"children":null}}},"DecideAction":{"count":4836,"self":1.595008,"total":1.595008,"children":null},"AcademyStep":{"count":4836,"self":0.085282,"total":0.085282,"children":null},"AgentAct":{"count":4836,"self":0.14281,"total":0.14281,"children":null}}}