{"count":1,"self":98.278937599999992,"total":217.77775699999998,"children":{"AgentResetIfDone":{"count":500084,"self":0.59748499999999993,"total":0.59748499999999993,"children":null},"AgentSendState":{"count":500084,"self":0.613811,"total":0.76467699999999994,"children":{"CollectObservations":{"count":150027,"self":0.150866,"total":0.150866,"children":null}}},"DecideAction":{"count":500084,"self":115.886912,"total":116.755878,"children":{"AgentInfo.ToProto":{"count":50009,"self":0.868966,"total":0.868966,"children":null}}},"AcademyStep":{"count":500084,"self":0.36828299999999997,"total":0.36828299999999997,"children":null},"AgentAct":{"count":500084,"self":1.010685,"total":1.010685,"children":null}}}