{"count":1,"self":2.637175,"total":45.214894,"children":{"AgentResetIfDone":{"count":1084,"self":0.0019749999999999998,"total":0.0019749999999999998,"children":null},"AgentSendState":{"count":1084,"self":0.0020599999999999998,"total":0.002783,"children":{"CollectObservations":{"count":327,"self":0.000723,"total":0.000723,"children":null}}},"DecideAction":{"count":1084,"self":42.562166399999995,"total":42.567358,"children":{"AgentInfo.ToProto":{"count":109,"self":0.005193,"total":0.005193,"children":null}}},"AcademyStep":{"count":1084,"self":0.00087,"total":0.00087,"children":null},"AgentAct":{"count":1084,"self":0.003015,"total":0.003015,"children":null}}}